{"stats":{"minecraft:picked_up":{"minecraft:dirt":3},"minecraft:used":{"minecraft:dirt":3},"minecraft:custom":{"minecraft:jump":21,"minecraft:time_since_rest":1516,"minecraft:leave_game":1,"minecraft:crouch_one_cm":137,"minecraft:sprint_one_cm":2172,"minecraft:play_time":1516,"minecraft:time_since_death":1516,"minecraft:walk_one_cm":1166,"minecraft:climb_one_cm":400,"minecraft:sneak_time":38,"minecraft:total_world_time":1516,"minecraft:fly_one_cm":16854},"minecraft:mined":{"minecraft:grass":1,"minecraft:grass_block":3}},"DataVersion":3465}